NodeCount,SimCnt,CompileTime,KeyGenerationTime,EncryptionTime,ExecutionTime,DecryptionTime,ReferenceExecutionTime,Mse
36,0,0.36103,53.854398,28.27745,5.238625,15.208315,3.342669999,1.15E-09
36,1,0.287921,33.017222,27.603201,4.238904,15.119636,3.238091,1.46E-09
36,2,0.315223,30.934891,27.598692,4.465957,15.165644,3.163248,6.14E-10
36,3,0.296687,32.272739,27.940997,4.244595,15.199749,3.192854,3.78E-09
36,4,0.331650001,31.873586,28.006326,4.314799,15.073558,3.081742,1.29E-09
36,5,0.262071,31.524167,27.907403,4.277057,15.215007,3.273899,6.78E-10
36,6,0.314862,31.749118,27.869661,5.010063,15.408187,3.203925,1.08E-09
36,7,0.317547,32.200079,27.5086,4.335258001,15.010496,3.163117,1.40E-09
36,8,0.476331,31.558994,27.87948,4.316984,15.088376,3.16481,8.01E-10
36,9,0.297758999,30.999253,27.802853,4.323956,15.084148,3.144522,6.77E-10
36,10,0.255218,30.936724,27.730705,4.276956,15.07477,3.121377,1.31E-09
36,11,0.306767,30.983053,27.730915,4.255576,15.03797,3.096259,1.15E-09
36,12,0.258384001,31.14885,27.597721,4.236158999,15.028071,3.084377,9.44E-10
36,13,0.283873001,31.156605,27.600847,4.340719001,14.955081,3.110687,4.67E-09
36,14,0.259817,31.563793,27.639922,4.261286001,14.994816,3.072614,2.64E-09
36,15,0.295285,31.669996,27.632177,4.33589,15.073648,3.209164999,2.41E-09
36,16,0.271137999,31.022238,27.532195,4.301654,15.005277,3.130996,1.97E-09
36,17,0.353145,31.386714,27.476409,4.263420999,14.939511,3.086751,6.81E-10
36,18,0.306246,31.086831,27.768638,4.301915,14.986961,3.156665,7.49E-09
36,19,0.264777,32.242641,27.979812,4.306223,15.076873,3.112751,8.24E-10
36,20,0.26685,31.552903,27.697121,4.301283,15.626304,3.131836999,1.73E-09
36,21,0.295595,31.37379,27.559474,4.272488,14.936085,3.124233,1.06E-09
36,22,0.293321,31.723408,27.564668,4.414089,15.088486,3.083785,1.04E-09
36,23,0.356862,31.419512,27.594515,4.23684,15.066153,3.094776,1.44E-09
36,24,0.292369,31.50449,27.506657,4.282306,14.779655,3.028098999,1.05E-09
36,25,0.255939,31.591777,27.911922,4.272247,15.249143,3.158478,1.31E-09
36,26,0.260438,32.042799,27.501757,4.282627,15.047096,3.103884,1.93E-09
36,27,0.264555,31.922439,27.950876,4.220579001,15.507854,3.135163,2.11E-09
36,28,0.266059,31.540739,27.897428,4.293208,14.961403,3.11207,1.23E-09
36,29,0.262982,31.415088,27.924365,4.408809001,15.584564,3.315108001,6.36E-09
36,30,0.283171,31.302323,27.63874,4.202895,15.044812,3.127238,1.12E-09
36,31,0.267040999,31.326219,27.583143,4.401585,14.92831,3.079598,2.16E-09
36,32,0.262411,31.397024,27.526535,4.237041,15.079469,3.078405,5.82E-10
36,33,0.290695,31.261686,27.921089,4.4983,15.097944,3.220678,1.17E-09
36,34,0.314572,31.073436,27.869321,4.286395,15.099938,3.143289,2.38E-09
36,35,0.295635,31.230592,27.825961,4.249584999,15.033841,3.123742001,7.16E-10
36,36,0.294683,31.505592,27.70398,4.314529,15.096817,3.086831,6.83E-10
36,37,0.245309,31.468531,28.091384,4.31546,15.082795,3.158437999,9.12E-10
36,38,0.294083,31.605799,27.800193,4.227341,15.079769,3.15451,6.48E-10
36,39,0.412503,31.129868,28.20128,4.280644,14.958798,3.111078,5.76E-09
36,40,0.34504,31.706035,27.697071,4.339286,15.108915,3.176663,6.18E-10
36,41,0.282159,31.737876,27.959493,4.240727,14.994967,3.069308001,2.97E-09
36,42,0.285957,31.894411,27.627027,4.32056,15.108674,3.153018,7.36E-10
36,43,0.352224,31.981753,27.615565,4.314178001,15.081232,3.103954,1.20E-09
36,44,0.263174,31.728338,27.799787,4.411043,15.024143,3.243636001,9.19E-10
36,45,0.263815,31.370263,27.711158,4.339075,15.0228,3.108503,1.15E-09
36,46,0.258674,31.128782,27.941228,4.245066,15.095069,3.132528001,9.59E-10
36,47,0.263944999,31.478861,27.605797,4.25258,15.061555,3.124193,6.87E-10
36,48,0.265318,31.568071,27.491057,4.305251,14.992643,3.15979,7.55E-10
36,49,0.357663,31.900908,28.026676,4.485465,15.266326,3.179629,2.97E-09
36,50,0.288812,31.816902,27.426704,4.264062,14.963517,3.104896,9.71E-10
36,51,0.276409,30.886184,28.020009,4.323165,15.137881,3.145243,2.20E-09
36,52,0.292449,31.350646,27.698944,4.402496001,15.503981,3.22168,7.07E-10
36,53,0.286909,31.505733,27.809746,4.269302,15.078637,3.165081,1.07E-09
36,54,0.263704,32.039432,27.739702,4.27842,15.147619,3.169329,9.65E-10
36,55,0.274966,31.553013,28.037642,4.247631,15.460442,3.083184,1.24E-09
36,56,0.283492,31.709612,27.725425,4.282217,14.981402,3.063236,6.75E-10
36,57,0.255138,31.757934,27.52354,4.254022,14.914573,3.126467,6.32E-10
36,58,0.288671999,32.237156,27.692632,4.250516,15.089127,3.148799,8.78E-10
36,59,0.325331,31.739489,28.60689,4.490445001,15.32102,3.14911,2.27E-09
36,60,0.277,32.58499,28.00559,4.843681,15.05904,3.109495,1.64E-09
36,61,0.282229,31.41585,27.700537,4.29413,15.028661,3.172895999,1.51E-09
36,62,0.288231,31.663775,27.680419,4.301413,15.049401,3.176062,7.53E-10
36,63,0.296726999,31.90755,27.652916,4.336460001,15.138512,3.157006,5.75E-10
36,64,0.304351999,31.183466,27.56029,4.231039,15.063679,3.121077,1.28E-09
36,65,0.28772,30.90831,27.58979,4.57636,15.025636,3.129903,2.06E-09
36,66,0.252543,31.699613,27.721061,4.27856,15.079138,3.114955,6.33E-10
36,67,0.26164,32.032229,27.365236,4.258542,14.910185,3.04409,1.94E-09
36,68,0.261429,31.671199,27.410683,4.290492,14.920695,3.129072,3.96E-09
36,69,0.257141,31.547422,27.807327,4.337783001,15.314618,3.214024,1.22E-09
36,70,0.350486,30.95525,27.716387,4.325249,15.098465,3.134122,5.62E-10
36,71,0.284353,31.708865,27.675811,4.224777,14.95482,3.095297,5.93E-10
36,72,0.28779,31.442251,27.457403,4.242441,14.976191,3.113471999,2.92E-09
36,73,0.296637,31.540128,27.507358,4.311302,14.910606,3.115115,1.33E-09
36,74,0.264716,31.252458,27.762786,4.343855,15.160153,3.131758001,9.57E-10
36,75,0.26712,31.807574,27.551743,4.26318,14.930013,3.098914,5.65E-10
36,76,0.254807001,30.917989,27.948201,4.303207,14.967294,3.098814,1.66E-09
36,77,0.280216001,31.12275,27.584146,4.303508,15.2162,3.165051,1.23E-09
36,78,0.247794,31.212246,27.86947,4.433375,15.056084,3.056693999,1.50E-09
36,79,0.253244,31.489882,27.652255,4.23195,15.186834,3.189878,6.68E-10
36,80,0.294583,31.34285,27.726036,4.382359,15.075561,3.37687,7.91E-10
36,81,0.284152999,31.343898,28.150252,4.510123,15.478021,3.172695,2.83E-09
36,82,0.252743,31.656035,28.215902,4.485636,15.497497,3.161234,7.16E-10
36,83,0.261059,31.482418,28.126953,4.358272,15.080271,3.142908,6.43E-10
36,84,0.285146,31.381555,27.865102,4.381266,15.303257,3.149371,9.01E-10
36,85,0.263584,31.207522,28.793021,4.820495,15.19483,3.161374,1.39E-09
36,86,0.330462,32.006189,27.760281,4.422315001,15.365816,3.164799999,1.53E-09
36,87,0.263714,32.115282,27.64467,4.288198999,15.118834,3.252117001,2.53E-09
36,88,0.257793,31.735481,27.739562,4.318384999,15.105449,3.136205,1.83E-09
36,89,0.254537,31.276374,27.752537,4.341078999,15.071603,3.118582,2.53E-09
36,90,0.287559,31.002049,27.67587,4.351489,15.102132,3.109164,7.34E-10
36,91,0.279123,30.950771,28.309823,4.416143001,15.386255,3.215006,6.62E-09
36,92,0.300684001,33.917894,28.675441,4.547945,15.616275,3.433885,1.67E-09
36,93,0.286317,32.378606,28.011592,4.331591,15.063337,3.113552,1.97E-09
36,94,0.260328,31.197683,27.643068,4.284191,15.130998,3.13867,4.47E-09
36,95,0.300764999,31.329685,27.464306,4.260726,14.957014,3.139361,6.05E-10
36,96,0.280547,31.244629,28.106704,4.302796,15.090279,3.138198999,1.73E-09
36,97,0.26144,31.713129,27.465688,4.400373,14.890357,3.110767,1.16E-09
36,98,0.286056999,31.417569,27.432946,4.269492,14.985479,3.177245,1.19E-09
36,99,0.29791,31.607317,27.77026,4.245607,15.053028,3.1436,7.65E-10
40,0,0.257492,31.123331,28.008807,4.388069,15.146427,3.126207001,1.23E-09
40,1,0.264686,31.847806,27.59194,4.249594,15.092825,3.101890001,7.59E-10
40,2,0.275888,31.90716,27.668587,4.265584999,15.122261,3.244202,7.34E-10
40,3,0.290686,31.793703,27.81686,4.522466001,15.384432,3.208725,1.04E-09
40,4,0.282460001,32.012161,27.742718,4.328385,15.071363,3.112952,6.30E-10
40,5,0.253685,31.656591,27.949253,4.243251999,15.117702,3.165692,1.29E-09
40,6,0.271429,30.906016,27.595186,4.429879001,15.187204,3.079297,8.45E-10
40,7,0.293491,31.144281,28.660288,4.275714,15.119125,3.19602,8.96E-10
40,8,0.305424,31.845852,27.809516,4.39383,15.172287,3.592763001,1.24E-09
40,9,0.302117,32.15846,28.187439,4.901990999,15.219356,3.148249,9.03E-10
40,10,0.276709,31.738227,27.734092,4.340238,14.946641,3.177094,1.50E-09
40,11,0.258945,31.92056,28.274675,4.26834,14.878725,3.132689,4.36E-09
40,12,0.270257,31.130675,28.030728,4.343023,15.115718,3.178066,6.42E-10
40,13,0.25636,31.674094,28.389705,4.272027,15.09088,3.125295,3.18E-09
40,14,0.278152,31.258409,27.885892,4.371507001,15.17946,3.143039,2.91E-09
40,15,0.263314,31.476115,27.838581,4.410371001,15.228093,3.130875,3.06E-09
40,16,0.292159,31.785797,27.634982,4.27893,15.126128,3.10705,1.07E-09
40,17,0.327756999,31.271825,28.132824,4.463453,15.209828,3.117830001,6.27E-10
40,18,0.360059001,38.366939,28.611529,4.458564,15.595315,3.359613001,3.38E-09
40,19,0.288552,37.476262,28.718068,4.557784,16.413328,3.281604,9.37E-10
40,20,0.347815,33.871064,28.736077,4.524961,15.545299,3.114795,1.25E-09
40,21,0.284975,32.389362,27.872476,4.262839,15.091672,3.075760001,1.16E-09
40,22,0.263424,31.821637,28.104439,4.368671999,15.290091,3.180019999,1.43E-09
40,23,0.256139,31.445097,27.792604,4.385904,15.184599,3.144311,8.95E-10
40,24,0.287299,31.199156,27.910869,4.310691,15.051075,3.095377,8.05E-10
40,25,0.267521,31.696236,28.841588,4.290743,15.308587,3.140654,3.33E-09
40,26,0.253735,31.449254,28.072789,4.326290999,15.166605,3.12275,6.37E-10
40,27,0.293752,31.694022,27.856475,4.302926,15.016037,3.134061,1.66E-09
40,28,0.276488,31.158037,27.474015,4.328626,15.000728,3.093745,7.77E-10
40,29,0.272831,31.337641,27.651574,4.32046,15.279927,3.210027,7.82E-09
40,30,0.298551,31.780903,27.737578,4.738038,15.712238,3.301983,7.71E-10
40,31,0.255128,31.65638,27.75935,4.350548,15.152579,3.149531,6.63E-09
40,32,0.254356,31.771361,27.694976,4.358112,15.141377,3.150904,8.07E-10
40,33,0.262301,31.618588,27.569377,4.32587,14.985129,3.152798,2.18E-09
40,34,0.252303,31.591336,27.969552,4.277096999,15.251578,3.125745,2.62E-09
40,35,0.251791,31.973327,27.753449,4.190301,15.00673,3.121237,7.60E-10
40,36,0.254988,31.90231,27.719825,4.263982,15.232982,3.215567,1.26E-09
40,37,0.325132,41.142005,28.638591,4.457733,15.661311,3.322302,1.56E-09
40,38,0.331423001,35.015482,28.842771,6.212463,22.583084,3.721284,1.71E-09
40,39,0.311164999,35.675173,28.822398,4.426372,16.030587,3.582049,3.10E-09
40,40,0.41294,38.203998,28.969965,4.335729001,15.525641,3.447466,2.08E-09
40,41,0.272732,39.095812,28.927188,4.465247,16.528194,3.482507999,7.69E-10
40,42,0.347194,36.221047,28.834345,4.535731,15.52436,3.403351,8.27E-10
40,43,0.32957,34.519003,29.15064,4.599923999,15.302104,3.178537,6.79E-10
40,44,0.306416,34.079102,27.972958,4.288679001,15.010507,3.13858,2.69E-09
40,45,0.293241,31.367057,29.219557,4.534209,16.381412,3.832787,5.68E-09
40,46,0.302057,36.13928,31.294604,4.923638,16.799748,3.68751,9.17E-10
40,47,0.325883,37.146366,29.494858,4.667554001,17.553609,3.61994,1.78E-09
40,48,0.310363001,35.808263,29.914811,4.409179,16.278732,3.480943999,1.11E-09
40,49,0.36112,33.102415,27.954874,4.319007,14.974048,3.087663,7.36E-10
40,50,0.344248,35.02997,29.257725,4.6341,15.628278,3.323524,2.35E-09
40,51,0.273103,32.404781,28.058172,4.325489001,15.014956,3.266424,9.78E-10
40,52,0.28261,31.433013,28.078079,4.284722,15.224506,3.110266,6.95E-10
40,53,0.296356,31.564785,28.100222,4.408558,15.429949,3.200158,9.00E-10
40,54,0.305474,31.889946,30.319154,4.926649,15.375144,3.234514,7.19E-10
40,55,0.252533,31.821596,27.924786,4.448384,15.239494,3.150353,6.19E-10
40,56,0.256521,31.744969,29.664883,9.368671,20.056363,3.280191,6.27E-10
40,57,0.292418999,32.553947,28.381599,4.37836,15.505544,3.245164,2.44E-09
40,58,0.267390999,32.311392,29.056084,4.650209999,15.330178,3.237059,1.42E-09
40,59,0.301114999,32.389225,29.206527,4.770891,15.764728,3.330256,2.47E-09
40,60,0.402119,40.836971,29.538247,5.097786,17.094772,3.443613,9.63E-10
40,61,0.357564,35.87448,30.80657,4.929324,17.167075,3.386233,4.65E-09
40,62,0.403450999,34.753992,28.932402,6.148103001,16.440676,3.450366999,2.32E-09
40,63,0.36077,34.284434,30.082201,5.462142,16.862968,3.448072001,6.64E-10
40,64,0.286967999,42.074958,39.490127,6.202218,21.365447,3.331249,2.30E-09
40,65,0.297739,35.633353,35.193102,5.530212999,16.26259,3.36854,7.76E-10
40,66,0.286959001,33.131095,29.035971,4.852217,16.998071,3.329786,2.82E-09
40,67,0.271649,32.724056,28.866918,4.434998999,16.125244,3.404349,1.20E-09
40,68,0.328387,32.531247,29.29441,4.452151,15.413988,3.321851,2.84E-09
40,69,0.302298,31.997302,28.125219,4.496476,15.647425,3.304828,7.87E-10
40,70,0.263524,35.655175,44.810684,4.990099999,17.953268,3.376184,9.41E-10
40,71,0.264616,34.326435,29.894301,4.86426,16.31984,3.393898,7.31E-10
40,72,0.291027,34.30285,29.242135,4.496065,15.792191,3.196511,3.56E-09
40,73,0.254596,33.307907,27.897664,4.228074,15.261807,3.157706,1.43E-09
40,74,0.259046,32.025886,28.032232,4.320219,15.113674,3.177395,2.73E-09
40,75,0.28267,32.152098,28.153914,4.251709,15.424178,3.087353,1.01E-09
40,76,0.256921,32.015757,28.061758,4.319177,15.526753,3.104896,9.89E-10
40,77,0.310614,32.235297,27.743499,4.270494,15.023522,3.088564999,5.12E-09
40,78,0.326194,31.779351,27.849272,4.333736,15.119856,3.197633,2.34E-09
40,79,0.251982,31.446819,28.329715,4.279070999,15.18968,3.182603999,1.38E-09
40,80,0.26159,31.526642,28.064483,4.373832,15.480836,3.324436,1.00E-09
40,81,0.292408999,31.555543,27.843204,4.3463,15.144322,3.292284,1.00E-09
40,82,0.27721,31.467399,27.642186,4.879438,15.219056,3.205667999,6.53E-10
40,83,0.289474,31.564234,27.965434,4.336198999,15.184079,3.205248,8.84E-10
40,84,0.290354999,31.331839,28.080454,4.405593,15.292425,3.168267,1.94E-09
40,85,0.320142,31.468321,27.940727,4.394140999,15.302365,3.188596001,2.46E-09
40,86,0.259466,31.249333,28.066227,4.586208,16.182487,3.398007,7.59E-10
40,87,0.359317,32.193948,28.113758,4.27337,15.384923,3.2486,6.07E-10
40,88,0.305072999,32.39935,28.082938,4.230498,15.000598,3.139883,9.39E-10
40,89,0.257402,31.757854,27.673616,4.242922,15.034453,3.13351,6.05E-10
40,90,0.259015,32.345974,28.020744,4.241408,15.043761,3.112892,6.96E-10
40,91,0.2567,31.764302,27.852979,4.413548,15.108815,3.152788,1.06E-09
40,92,0.278743,31.790296,28.355966,4.459967,15.387417,3.223122,1.65E-09
40,93,0.273283,32.549057,28.493854,4.401104,15.273921,3.204877,3.27E-09
40,94,0.290075,31.594142,28.040047,4.327413,15.330228,3.205538,2.98E-09
40,95,0.258234,31.523967,27.828382,4.350146,15.419189,3.238401,8.42E-10
40,96,0.253675,31.78165,27.712831,4.445239,15.171375,3.167335,8.39E-10
40,97,0.285867,33.685139,29.106054,4.729220999,16.003976,3.597497999,1.07E-09
40,98,0.286808,33.772596,29.034297,4.386456,15.169231,3.109134,1.26E-09
40,99,0.258394,32.15325,28.122775,4.484323,19.861,4.058189,3.91E-09
44,0,0.328007,32.64734,29.045769,4.589605,16.263052,3.35845,1.03E-09
44,1,0.249947,32.698252,30.380922,4.930436,16.387941,3.314525999,8.62E-10
44,2,0.338676999,33.108456,29.229726,4.437885,15.582686,3.296712,1.77E-09
44,3,0.257983001,33.648819,28.285005,4.539814,15.320129,3.497116,1.12E-09
44,4,0.259496001,31.262558,27.80685,4.211942,15.084419,3.132539,1.33E-09
44,5,0.267031,32.296309,27.829995,4.645631,16.126164,3.398156,7.49E-10
44,6,0.304953,33.966367,29.72123,4.761974001,15.766061,3.254061,6.73E-10
44,7,0.249627,32.283059,27.528378,4.222713,15.328595,3.149471,8.59E-10
44,8,0.304472001,30.69352,27.514943,4.342592,15.030355,3.126377,9.40E-10
44,9,0.341002,31.247198,27.943241,4.448535,15.201592,3.119423,1.99E-09
44,10,0.281648,31.644057,27.566331,4.23719,15.159923,3.340797,2.35E-09
44,11,0.284815,34.317928,30.16562,4.648335999,15.978358,3.470404,7.18E-10
44,12,0.278132,31.247208,27.410013,4.226881,15.139022,3.136376,7.52E-10
44,13,0.286258,31.189398,27.690017,4.29445,15.32594,3.126698,5.28E-10
44,14,0.335883,32.466409,27.759941,4.352571,15.209628,3.204116,8.30E-10
44,15,0.284133,31.09683,27.62869,4.309038,15.179871,3.185971,1.07E-09
44,16,0.282961,30.947245,27.932551,4.376637,14.903413,3.001769,8.28E-10
44,17,0.33487,33.131982,29.515918,4.847196999,15.66062,3.325708,3.41E-09
44,18,0.2616,30.684973,28.633832,4.232481,15.107071,3.177244001,1.36E-09
44,19,0.286027,31.465676,27.905008,4.380114,15.144082,3.125556001,2.38E-09
44,20,0.290796001,30.995016,27.477371,4.323014,15.046225,3.151264999,6.25E-10
44,21,0.301967,30.806966,27.462642,4.265755,14.875148,3.081771,1.29E-09
44,22,0.252362,30.772941,27.355087,4.185923,14.873255,3.099324999,9.00E-10
44,23,0.258545,30.873163,27.510274,4.230377999,14.979277,3.083475,6.17E-10
44,24,0.245269,31.215267,27.765953,4.305151,15.09564,3.103694,4.36E-09
44,25,0.311876,31.953333,27.920918,4.434398,15.284982,3.238351,6.02E-09
44,26,0.253214,32.711418,27.753319,4.388159,15.304399,3.200509,2.96E-09
44,27,0.253634999,31.48896,28.075685,4.321101,15.202244,3.414988,3.53E-09
44,28,0.252152,31.104285,27.956286,4.368041,15.355126,3.233762,4.14E-09
44,29,0.257031,31.320538,28.234018,4.501986999,15.324387,3.175791,5.29E-10
44,30,0.294694,31.440708,27.875983,4.416243,15.332903,3.538905999,1.06E-08
44,31,0.254447,31.773389,28.137533,4.26844,15.337372,3.246636999,3.00E-09
44,32,0.287159,31.718183,27.730715,4.233924999,15.114856,3.159721,6.39E-09
44,33,0.259907,31.597678,27.605546,4.246859,15.076843,3.119594,5.57E-09
44,34,0.280797,31.655268,27.451902,4.338484,14.805885,3.098604,2.45E-09
44,35,0.281798,31.748827,28.030368,4.456129001,15.341259,3.250123,3.55E-09
44,36,0.264034001,32.177597,27.855804,4.32056,15.906524,3.114705,7.71E-10
44,37,0.284723999,34.009138,29.957428,4.787588,16.270546,3.364312,8.57E-10
44,38,0.292008001,31.739168,27.447304,4.242621,15.018041,3.086771,6.10E-10
44,39,0.269987,31.998775,27.449648,4.297456,15.156506,3.235796,4.59E-09
44,40,0.309722001,31.184298,28.025078,4.400232,15.35713,3.246798,6.58E-10
44,41,0.285626,31.724515,28.060536,4.37274,15.318435,3.186753001,2.20E-09
44,42,0.262181999,31.474353,27.883959,4.30464,15.182115,3.136597,5.66E-10
44,43,0.285325,30.899474,28.198219,4.342182,15.057877,3.091891,7.27E-10
44,44,0.267291,30.969947,27.433146,4.325179,14.891219,3.085459,3.53E-09
44,45,0.259365001,31.516793,27.405173,4.175252,14.950332,3.082012,2.95E-09
44,46,0.351551999,31.74522,27.583333,4.166446,14.978696,3.111479,1.54E-09
44,47,0.289183,32.05077,27.585868,4.262408999,14.988184,3.127183,8.48E-10
44,48,0.274655,31.859549,27.662184,4.298637999,14.952185,3.106689001,7.06E-10
44,49,0.262181,31.773103,27.55585,4.295202,14.848527,3.104115,2.25E-09
44,50,0.312247,31.16965,27.43017,4.275264,14.871952,3.119563999,1.51E-09
44,51,0.268434,31.256315,27.945306,4.227072,14.715663,3.185801,9.29E-10
44,52,0.265176999,31.403006,27.659349,4.191844,15.194559,3.051464,4.42E-09
44,53,0.303089,31.077905,28.119789,4.353904001,15.427083,3.16953,1.22E-09
44,54,0.262031001,31.874648,28.236212,4.347882,15.33678,3.21135,2.01E-09
44,55,0.258304,32.20538,28.053181,4.233533999,15.120227,3.142288,9.01E-10
44,56,0.280726999,32.089148,29.349921,4.994648,16.592902,3.395702,2.13E-09
44,57,0.288351,32.693088,28.484075,4.245386001,15.120267,3.086600001,6.67E-10
44,58,0.274575,31.390026,27.603021,4.248683001,15.037058,3.135284,1.14E-09
44,59,0.282971,31.322392,28.144686,4.629851,15.541222,3.224906,1.39E-09
44,60,0.300454,31.495773,28.330602,4.61331,16.567584,3.34803,1.88E-09
44,61,0.258865,40.86723,31.073556,4.92759,15.656683,3.179789,7.43E-10
44,62,0.344268,31.459674,28.337715,4.232963,15.015587,3.097592,1.75E-09
44,63,0.293481,31.790707,27.62849,4.312355,15.476904,3.175481,8.45E-10
44,64,0.283552,31.341699,27.944224,4.345618,15.208205,3.391233,6.19E-09
44,65,0.257422,35.166846,30.11316,5.049704,16.314911,3.401233,1.71E-09
44,66,0.251711,33.179247,27.58664,4.290653001,15.151687,3.16971,1.08E-09
44,67,0.280786,31.249222,27.920188,4.292795999,15.188336,3.884056,6.57E-10
44,68,0.263805,31.545192,27.943091,4.60265,15.500324,3.205538,5.71E-10
44,69,0.29859,31.79243,27.96852,5.07347,16.248163,3.354253,1.09E-09
44,70,0.354178,36.262957,30.039665,4.699294,15.847477,3.308646001,1.51E-09
44,71,0.288752,31.624604,27.374424,4.32596,15.108254,3.110346,1.46E-09
44,72,0.26157,31.505641,27.903772,4.239535,14.95462,3.098253,6.00E-10
44,73,0.290385,31.455556,27.657701,4.278048999,15.159171,3.177575,2.95E-09
44,74,0.309331,31.480183,27.54015,4.444577,15.410632,3.197894,3.03E-09
44,75,0.30834,31.199718,27.640573,4.396595999,15.201001,3.178567,9.36E-10
44,76,0.261199,31.830873,28.167961,4.298897999,15.077835,3.119604,4.94E-09
44,77,0.272341,31.753205,28.128962,4.376988,15.248462,3.116438001,8.85E-10
44,78,0.273402,31.894169,27.602691,4.276055,15.667348,3.114163,8.97E-09
44,79,0.277661,32.338654,28.450637,4.501435999,15.300551,3.174158001,8.88E-10
44,80,0.30334,31.417483,27.564387,4.303978,15.802721,3.193676,1.49E-09
44,81,0.283851999,31.341869,27.681451,4.366397,15.326091,3.180871,1.26E-09
44,82,0.250539,31.585946,27.56555,4.362459999,15.033601,3.077343999,1.58E-09
44,83,0.278593,31.313305,27.887405,4.385754,15.035365,3.106919999,7.90E-10
44,84,0.261681,31.711145,27.648739,4.324518,15.134654,3.13806,9.46E-10
44,85,0.25662,31.731484,27.932391,4.304389,15.459385,3.098684,1.02E-09
44,86,0.286658,31.188486,27.529781,4.364564,15.048569,3.112039,2.54E-09
44,87,0.305052999,31.166499,27.714154,4.311252,14.962896,3.07073,6.27E-10
44,88,0.291517,31.609415,27.600897,4.312956,15.559502,3.155773,1.39E-09
44,89,0.252443,31.230216,27.766493,4.333886,15.157027,3.128341001,2.35E-09
44,90,0.251660999,31.242449,27.690438,4.293749,14.976963,3.004324,5.62E-10
44,91,0.309491999,31.187704,27.6389,4.334486001,15.159902,3.144151,6.95E-10
44,92,0.25628,30.951402,28.445201,4.494142,15.196041,3.100007,4.33E-09
44,93,0.274784999,31.141882,27.699135,4.289259999,14.984867,3.058337,5.90E-10
44,94,0.326474,30.998964,28.090433,4.321522,15.089308,3.118652,5.87E-10
44,95,0.257211999,31.121087,27.914742,4.264302001,15.102819,3.094666,7.79E-10
44,96,0.321505,30.776648,27.907683,4.48276,15.527205,3.189968,1.30E-09
44,97,0.263704,31.738532,28.292279,4.519620001,15.298087,3.232119,2.02E-09
44,98,0.332996,31.771982,28.263258,4.453183,15.382999,3.189408,2.21E-09
44,99,0.285896001,31.244092,28.237685,4.395213,15.411093,3.286462999,3.21E-09
48,0,0.276578,31.83416,28.706195,4.91649,15.731846,3.297734,4.08E-09
48,1,0.3453,32.906601,27.813023,4.34171,15.147709,3.107922,1.02E-09
48,2,0.26686,31.207877,27.582822,4.292807001,15.469229,3.158629001,6.65E-09
48,3,0.249598,31.538565,27.893697,4.614041,15.763851,3.153238,1.66E-09
48,4,0.373079,30.852794,27.57669,4.398529,15.159693,3.200208,8.19E-10
48,5,0.287669,31.065034,28.51496,4.578483999,17.54161,3.409157,8.77E-10
48,6,0.289945,31.961253,28.312698,4.536623,15.555344,3.243249999,2.46E-09
48,7,0.271960001,31.903427,28.013045,4.410021,16.177914,3.287263999,1.78E-09
48,8,0.288812,31.845893,28.154716,4.364052999,15.783735,3.268689,6.11E-10
48,9,0.297889,31.200779,28.159044,4.411023,15.585166,3.231788,7.58E-10
48,10,0.288642001,31.076081,28.194672,4.416041999,15.394772,3.258058,8.88E-10
48,11,0.305955,32.116724,28.243035,4.576619,15.939969,3.240896,3.08E-09
48,12,0.265418,31.992823,28.024577,4.428236,15.277287,3.157336,6.72E-10
48,13,0.263393,31.644878,27.578133,4.390143,15.110719,3.188636,2.02E-09
48,14,0.277108999,30.743615,27.726246,4.183218,14.886299,3.115636,3.71E-09
48,15,0.285616,30.734277,27.636881,4.217663,14.991861,3.058006,2.42E-09
48,16,0.266239,31.161809,27.801716,4.297706,15.188337,3.061253,7.60E-10
48,17,0.293311001,31.28463,27.698613,4.291916,15.108875,3.11735,2.96E-09
48,18,0.272541,31.510361,28.101063,4.329568,15.155244,3.150283001,6.99E-10
48,19,0.272972,31.271685,28.022063,4.375815,15.351529,3.291802999,2.05E-09
48,20,0.329199001,35.255706,28.803386,4.299359,15.317133,3.218523,7.78E-09
48,21,0.285115,31.416101,28.218998,4.455969,15.515662,3.199507,1.86E-09
48,22,0.255599,32.028071,28.181938,4.369794,15.308576,3.19562,7.25E-10
48,23,0.253714999,31.176588,27.663647,4.243353,15.407375,3.300439,1.08E-09
48,24,0.277641,30.906637,28.049705,4.459887,15.38373,3.26427,5.77E-10
48,25,0.291296999,31.16961,27.987736,4.324427,15.312123,3.218833,7.35E-10
48,26,0.289353,30.925022,27.741275,4.298768,15.511018,3.223693,5.97E-10
48,27,0.284684,30.576686,27.880802,4.358783,15.364183,3.168267001,2.79E-09
48,28,0.284725001,30.952805,28.017574,4.43052,15.316281,3.22748,5.52E-10
48,29,0.25662,31.512174,28.174013,4.370075,15.458783,3.246386001,4.05E-09
48,30,0.289733,31.505979,28.107395,4.324788,15.290382,3.161363999,1.97E-09
48,31,0.284123,31.43172,28.02642,5.037114,15.498971,3.256616001,2.37E-09
48,32,0.347174,31.605814,27.76447,4.261407,15.194579,3.199016,7.35E-10
48,33,0.295805,31.907896,28.029556,4.398368999,15.364093,3.287375001,6.56E-10
48,34,0.265496999,31.802304,28.091495,4.441441,15.035644,3.360955,5.37E-10
48,35,0.261369,31.225346,28.164334,4.33634,15.252049,3.202543,1.05E-09
48,36,0.294113,31.438684,28.422618,4.24206,15.553936,3.153639,7.33E-10
48,37,0.253044001,30.847013,28.243446,4.293217,15.346049,3.214636,1.40E-09
48,38,0.249758,31.203315,27.524842,4.242581,15.161756,3.134531999,2.25E-09
48,39,0.258384,31.023781,28.092116,4.418888,15.335068,3.255624,1.00E-09
48,40,0.259706,31.625752,28.412719,4.380795001,15.384853,3.202392,8.38E-10
48,41,0.293962,31.306131,27.795238,4.269984001,15.188027,3.237279,1.08E-09
48,42,0.275296,31.713209,27.854522,4.496627001,15.824834,4.003734,5.28E-09
48,43,0.276689,31.198786,27.812832,4.308337,15.207534,3.128712,7.33E-10
48,44,0.257042,31.306091,27.778356,4.328565,15.097273,3.112751,5.73E-09
48,45,0.258063001,30.975979,27.976304,4.265585,15.169891,3.111739,1.96E-09
48,46,0.292449,31.103613,27.847909,4.395904,15.217507,3.090358,2.71E-09
48,47,0.268403,31.455887,27.887886,4.429858999,15.094698,3.086701,2.33E-09
48,48,0.262171,30.915504,27.978549,4.409981,15.442333,3.236156999,8.26E-10
48,49,0.262961999,31.38412,28.282249,4.282908,15.329878,3.12784,2.65E-09
48,50,0.298741,30.861811,27.36174,4.260335,15.365782,3.119153001,9.71E-10
48,51,0.295676,31.614976,27.61821,4.239434,15.24791,3.20111,1.94E-09
48,52,0.265878,31.558383,27.475106,4.260234,15.200981,3.142578,1.25E-09
48,53,0.256040001,31.751473,27.930076,4.401966,15.242661,3.085689,8.39E-10
48,54,0.261069,32.69966,28.250659,4.477154,15.25273,3.192744,7.06E-10
48,55,0.267602,32.209533,27.894528,4.392528,15.283048,3.232985,1.01E-09
48,56,0.281999,32.225384,27.907578,4.366688,15.450338,3.205017,1.79E-09
48,57,0.255479,31.62511,27.793405,4.255185,15.001069,3.106639,5.72E-10
48,58,0.289773,31.806818,27.634682,4.250245999,14.784996,3.19077,2.02E-09
48,59,0.291818,31.393889,28.396798,4.423948,15.106039,3.14407,9.71E-10
48,60,0.255799,31.186833,27.700157,4.303317,15.151807,3.011167,3.22E-09
48,61,0.308881,31.05463,27.643879,4.34107,15.076283,3.22737,7.76E-10
48,62,0.289484,32.140657,27.64937,4.522776,15.471928,3.326489999,7.02E-10
48,63,0.263383,31.208764,27.722159,4.358312,15.14807,3.145263,1.58E-09
48,64,0.258554,31.101069,27.734383,4.406544,15.390564,3.229645,6.11E-10
48,65,0.280967,30.810954,27.686411,4.431593,15.397868,3.199287,1.01E-09
48,66,0.254987,30.979837,27.797283,4.311172001,15.107141,3.146565,3.84E-09
48,67,0.322096,31.372848,27.751656,4.235227,14.970571,3.122189,1.39E-09
48,68,0.258524,31.229955,27.672043,4.179089,14.727395,3.09639,9.19E-10
48,69,0.256439999,31.114955,27.74912,4.322414001,15.045253,3.091982,9.53E-10
48,70,0.248405,30.754787,27.446001,4.267008,14.990689,3.116207,1.04E-09
48,71,0.313249,31.085423,27.504362,4.27868,14.892261,3.172415,2.47E-09
48,72,0.263113,30.524206,27.48196,4.24743,14.977745,3.116067,5.68E-10
48,73,0.314141,30.833948,27.303258,4.24764,14.934301,3.145864001,1.21E-09
48,74,0.260918,30.775686,27.541403,4.41463,14.873344,3.15899,1.07E-09
48,75,0.283121,31.021336,27.845053,4.383972,15.24754,3.156214,1.10E-09
48,76,0.271799,31.040854,27.588854,4.238252999,15.570577,3.142778,2.65E-09
48,77,0.313389,31.150583,27.5605,4.33101,15.368511,3.191,1.70E-09
48,78,0.300384,30.948527,27.483443,4.317434,15.005798,3.143951,2.35E-09
48,79,0.253454999,30.953346,27.488562,4.261367,14.928811,3.141396001,6.69E-09
48,80,0.266109,30.95556,27.669838,4.342602,15.059241,3.098643,9.64E-10
48,81,0.287931,31.114414,28.512135,4.276015,15.124545,3.125225,1.59E-09
48,82,0.26132,31.086425,27.969728,4.247961,15.063849,3.181643,1.07E-09
48,83,0.25627,30.836162,27.710056,4.303788,15.129244,3.259301,6.51E-10
48,84,0.252864001,31.030424,27.888928,4.314488,15.168378,3.15913,1.21E-09
48,85,0.28786,31.246597,27.576731,4.373551,15.173258,3.168457,5.86E-10
48,86,0.258343,30.939299,27.766614,4.496566,15.138903,3.120145,5.47E-10
48,87,0.260778999,30.796136,27.535752,4.297666,15.379202,3.304694,8.76E-10
48,88,0.249708,30.664945,27.647516,4.246198,15.005758,3.108962999,5.93E-10
48,89,0.269575,30.898171,27.672765,4.275955001,14.812628,3.081281,1.06E-09
48,90,0.286057,30.852593,27.569837,4.260946,14.843839,3.076622,1.86E-09
48,91,0.2616,30.984255,27.791933,4.321401,15.031127,3.277967,6.24E-09
48,92,0.284123,30.858395,27.496958,4.285793,15.004886,3.148338999,1.39E-09
48,93,0.254537001,30.850279,28.112405,4.245317,14.922309,3.117169,5.83E-10
48,94,0.275446,31.231828,27.72766,4.283388999,15.121449,3.102521,2.20E-09
48,95,0.280737,30.885657,27.640482,4.275363,15.045634,3.119594,5.81E-10
48,96,0.261961,30.735991,27.456531,4.185983001,15.061144,3.084026001,8.36E-10
48,97,0.30867,31.503027,27.867216,4.328686,15.131939,3.144141,5.28E-09
48,98,0.307408,31.159309,28.293907,4.337052001,15.19017,3.147518,1.02E-09
48,99,0.327997999,30.853245,27.728051,4.329297,15.077014,3.139893,1.45E-09
52,0,0.307498,30.932537,28.283662,4.456670999,15.151787,3.166353,3.56E-09
52,1,0.326945,30.982873,27.508851,4.326581,15.066755,3.150603,1.82E-09
52,2,0.284293,31.122199,27.578754,4.274001,15.039081,3.257328,2.16E-09
52,3,0.265808,31.209005,27.558446,4.272068,15.611771,3.132599,7.86E-10
52,4,0.258815,31.040072,27.469556,4.244785,14.936595,3.121748,2.35E-09
52,5,0.300324,30.889524,27.393591,4.244615,14.963227,3.106229,8.45E-10
52,6,0.299482001,31.614831,27.852307,4.359535001,15.149383,3.122929999,9.85E-10
52,7,0.303029,31.134432,27.647536,4.236569,15.237781,3.164299001,7.32E-10
52,8,0.289905,31.222,27.803815,4.224496,15.373476,3.204095,6.65E-10
52,9,0.281398001,31.174503,27.606528,4.271786999,15.142599,3.186001,2.94E-09
52,10,0.291898,31.17,27.595115,4.28901,15.076774,3.139882,1.19E-09
52,11,0.307789001,30.943898,27.548697,4.257099,15.091011,3.184247,4.11E-09
52,12,0.254136,31.135475,27.678105,4.342431001,15.212012,3.085408,1.19E-09
52,13,0.293101,30.999855,27.789227,4.332864,15.363281,3.215547999,1.92E-09
52,14,0.250208001,30.911997,27.791933,4.381086001,15.201452,3.146195,9.43E-10
52,15,0.285195,31.316485,27.601628,4.305892,15.161501,3.488570001,8.99E-09
52,16,0.273664,31.037842,27.756705,4.318526,15.129925,3.210457,8.59E-10
52,17,0.284423,31.116658,27.918655,4.283939999,15.159843,3.127960001,7.60E-10
52,18,0.286658,31.244136,27.772034,4.282317,15.145966,3.178276001,7.27E-10
52,19,0.282971,31.213313,28.182129,4.309208,15.042118,3.175311,1.11E-09
52,20,0.261931,30.559558,27.541083,4.343344001,15.628378,3.144612,3.31E-09
52,21,0.328478,31.037317,27.451632,4.345207,14.972294,3.121688,2.13E-09
52,22,0.298569999,31.860961,27.784337,4.282107,15.115668,3.330988,1.71E-09
52,23,0.255298,30.708629,27.553516,4.270154,15.123989,3.051705,8.00E-09
52,24,0.297078001,31.668914,28.231322,4.273119001,15.087424,3.106439,1.35E-09
52,25,0.280325999,30.737473,27.692763,4.267339,15.098195,3.141966,1.14E-09
52,26,0.284745,30.88929,27.629742,4.322524,15.188507,3.170111,1.11E-09
52,27,0.307999,30.904062,28.054058,4.271184999,15.10112,3.231919,1.60E-09
52,28,0.315724,31.134432,27.785019,4.378951,15.197585,3.160411999,1.94E-09
52,29,0.280286,32.050694,27.689507,4.267048001,15.119195,3.155102,1.18E-09
52,30,0.284914,30.957514,28.305294,4.268721001,15.165703,3.207302,1.17E-09
52,31,0.250339,31.363971,27.658607,4.28904,15.203626,3.116157,7.68E-10
52,32,0.280737,30.765778,27.710677,4.246979,15.072866,3.124203,2.26E-09
52,33,0.25638,30.936053,27.564578,4.288809,15.102583,3.135864999,6.96E-10
52,34,0.279725,31.013031,27.532607,4.318376,15.04339,3.171143,1.21E-09
52,35,0.279445,30.98646,27.743209,4.441471,15.649428,3.260392999,1.27E-09
52,36,0.315804001,30.87647,27.52892,4.279381,15.25798,3.133460999,4.54E-09
52,37,0.258294001,31.253896,28.306596,4.26285,15.165493,3.153098,1.01E-09
52,38,0.27743,30.845911,27.779368,4.290923,15.150986,3.162757,2.79E-09
52,39,0.267672001,30.919646,27.700477,4.262288,15.172006,3.151164,1.72E-09
52,40,0.257541999,31.036896,28.191135,4.24186,15.648326,3.475975,1.33E-09
52,41,0.283612,30.86108,28.254366,4.336821,15.060152,3.234975,9.50E-10
52,42,0.269876,31.597557,27.7698,4.257219,15.182867,3.208313,1.20E-09
52,43,0.285876999,31.243056,27.640904,4.680882,15.65554,3.164269,1.05E-09
52,44,0.286107001,31.466006,27.669709,4.269682,15.11146,3.178847,8.88E-10
52,45,0.255759,30.83455,28.165576,4.27855,15.057737,3.161905001,8.12E-10
52,46,0.257903,31.401904,28.014147,4.351228999,15.167236,3.160793,3.01E-09
52,47,0.260869,31.178055,27.590287,4.229075,15.136588,3.16477,3.59E-09
52,48,0.323398,31.200318,27.698894,4.288619,15.256357,3.155062,1.77E-09
52,49,0.284043001,30.982071,27.770992,4.494923,15.628158,3.247679,1.30E-09
52,50,0.305635,31.465134,27.833171,4.268109999,15.234746,3.163578,2.02E-09
52,51,0.290515,31.089006,28.111634,4.287457,15.242931,3.120134999,6.15E-10
52,52,0.289554,31.458652,27.723631,4.322633999,15.824533,3.175590999,1.62E-09
52,53,0.315283,31.176112,27.614042,4.291825,15.141708,3.169459,2.55E-09
52,54,0.276419,31.214035,27.752557,4.359624,15.122962,3.186903,1.90E-09
52,55,0.28254,31.195008,27.677684,4.293247999,15.113705,3.121987999,5.82E-10
52,56,0.296928,31.069448,27.818664,4.314187,15.636409,3.275302,1.21E-09
52,57,0.322817,30.962223,27.630263,4.261146,15.182275,3.150974,7.45E-10
52,58,0.287739999,30.904834,28.266624,4.224726001,15.147689,3.12794,8.80E-10
52,59,0.261951001,31.02884,28.254211,4.48766,15.22117,3.170372,9.23E-10
52,60,0.257833,30.973194,27.975307,4.348594,15.166946,3.18052,6.72E-10
52,61,0.255589,31.317282,27.860143,4.281465001,15.274251,3.159851,3.05E-09
52,62,0.281318,31.726354,27.861475,4.288157999,15.201342,3.201680999,8.37E-10
52,63,0.251561,32.213526,27.651494,4.257069,15.108063,3.144441,5.38E-09
52,64,0.275527,30.721253,27.608772,4.354905999,15.12717,3.129423,4.11E-09
52,65,0.281107999,31.104676,27.611568,4.313986999,15.010698,3.226839,2.03E-09
52,66,0.269035,30.786648,27.702131,4.309088,15.177306,3.147357,1.25E-09
52,67,0.255899,31.347199,27.752387,4.400342999,15.339746,3.131646999,6.86E-10
52,68,0.266810001,30.904754,27.568084,4.234395001,15.126709,3.152587,5.75E-10
52,69,0.25621,31.041595,28.222546,4.276486,15.109577,3.161204,1.00E-09
52,70,0.291998,31.097001,27.691721,4.239996,15.181484,3.165031,1.67E-09
52,71,0.261039,31.44687,27.873358,4.483762,15.655741,3.274510001,1.24E-09
52,72,0.319029001,31.490804,27.765973,4.302055,15.169271,3.168708,2.14E-09
52,73,0.305263,31.290777,27.734062,4.271776999,15.167407,3.188687,2.28E-09
52,74,0.246721001,31.529968,27.691571,4.270574,15.17392,3.150543001,4.26E-09
52,75,0.30885,31.029797,28.186616,4.293128,15.121068,3.187023,4.64E-09
52,76,0.282579999,32.16888,27.632989,4.262449001,15.240226,3.338232,1.07E-09
52,77,0.262522,31.359353,27.781112,4.323486,15.145925,3.203735,7.56E-10
52,78,0.281146999,30.991649,27.90036,4.296233999,15.191332,3.14363,3.20E-09
52,79,0.265718,38.834744,27.971676,4.299439,15.334967,3.472089,1.28E-09
52,80,0.278903,31.262697,27.605576,4.332713,15.113143,3.168087,1.95E-09
52,81,0.270297,31.641232,27.497239,4.295452,15.191012,3.202252,7.93E-10
52,82,0.249416999,30.74613,28.215492,4.352771,15.324708,3.220036,9.22E-10
52,83,0.363665,31.029772,27.921801,4.412055,15.302996,3.137478,1.35E-09
52,84,0.25658,31.103613,28.093474,4.290473,15.391535,3.178696999,4.51E-09
52,85,0.257172,30.80373,27.700087,4.281003999,15.30497,3.260133,6.12E-10
52,86,0.272531001,30.88741,27.713011,4.294980999,14.991951,3.153649,1.95E-09
52,87,0.255909,31.603098,27.557224,4.321101,14.898332,3.169719999,1.02E-09
52,88,0.253405,31.184408,27.927081,4.321833,15.155705,3.191330999,3.13E-09
52,89,0.285466,31.498163,27.810317,4.308236999,15.187525,3.175221,6.94E-10
52,90,0.283732,31.134563,27.755162,4.303336999,15.192004,3.179819,7.24E-10
52,91,0.252603,31.317031,27.757216,4.254023,15.185611,3.119193,1.68E-09
52,92,0.283272,30.962829,27.788155,4.277017,15.049551,3.131457001,4.29E-09
52,93,0.305594,31.501088,28.004699,4.365215,15.199808,3.227190001,3.22E-09
52,94,0.25641,32.155204,28.027392,4.334497,15.241599,3.393948,1.43E-09
52,95,0.262903,31.386915,27.912478,4.36764,15.126538,3.162024999,1.38E-09
52,96,0.252683,31.606665,27.579246,4.285824,14.984076,3.417658,1.19E-09
52,97,0.265057,31.300429,28.623522,4.296394,15.608987,3.170651999,1.09E-09
52,98,0.281258001,31.018661,27.854351,4.286184,15.169902,3.140133,2.44E-09
52,99,0.279204,31.607331,27.553296,4.285292,15.149233,3.169799999,1.39E-09
56,0,0.284685,30.95048,28.380392,4.401665,15.117452,3.170982,1.97E-09
56,1,0.277631,31.141435,27.620635,4.295753,15.140275,3.128101,6.51E-09
56,2,0.303741001,31.200213,27.776603,4.314438,15.204207,3.236969001,2.40E-09
56,3,0.295143999,30.836342,27.73317,4.29978,15.059862,3.177705001,6.05E-10
56,4,0.25116,30.83536,27.761961,4.316212,15.06425,3.104606,1.85E-09
56,5,0.270407,31.272927,27.96861,4.308457,15.292586,3.165151001,7.72E-10
56,6,0.288381,30.408023,27.885987,4.309749,14.950432,3.083735,2.56E-09
56,7,0.289494,30.907689,27.793952,4.254243,14.971061,3.129523,6.08E-10
56,8,0.254717,31.073436,28.135289,4.297857,15.012019,3.177123999,6.57E-09
56,9,0.258303,31.405565,27.811329,4.274712001,15.084939,3.183346001,6.04E-10
56,10,0.251902,31.711211,28.011071,4.365135,15.211791,3.135836,7.35E-10
56,11,0.283472,31.317056,28.343412,4.368882999,15.156145,3.17503,7.91E-10
56,12,0.276278,31.429266,27.775751,4.304629,15.179029,3.118863,1.79E-09
56,13,0.304282,31.487142,27.778477,4.30985,15.234895,3.16975,6.19E-10
56,14,0.255008,31.051264,27.775881,4.325409001,15.198877,3.145052,1.00E-09
56,15,0.288872,31.607386,27.83234,4.233724,15.186253,3.164219001,4.54E-09
56,16,0.284203,31.30567,27.789478,4.290152,15.175672,3.207391999,1.74E-09
56,17,0.249808,31.518817,27.797217,4.265685,15.067175,3.146887,4.87E-09
56,18,0.269374999,31.493113,27.606758,4.241508,15.16906,3.23747,1.04E-09
56,19,0.278212,31.333643,27.864826,4.245977,15.182185,3.181783,7.18E-10
56,20,0.260408,31.11004,27.734388,4.296403,15.172797,3.186161,5.24E-10
56,21,0.279374,32.007602,27.755272,4.294449999,14.984447,3.098513,5.49E-10
56,22,0.250919,31.725602,27.768828,4.26828,15.163529,3.201029999,2.65E-09
56,23,0.281578999,30.854327,27.709435,4.173289,15.05953,3.131737,5.86E-10
56,24,0.295114,31.438464,27.139164,4.369814,15.389516,3.282760999,7.29E-10
56,25,0.285636,31.657182,27.527717,4.140926,14.902751,3.236707,2.34E-09
56,26,0.279885,31.320413,27.761985,4.274291,15.503826,3.228983,8.36E-10
56,27,0.291368,31.07302,27.488201,4.474083,14.984277,3.09622,9.35E-10
56,28,0.37644,31.268359,27.512608,4.325108,15.040925,3.143870999,3.07E-09
56,29,0.259095,30.893181,27.622027,4.242641,15.037859,3.16992,5.49E-10
56,30,0.275467,31.401192,27.569197,4.193237,14.975239,3.068225,5.85E-10
56,31,0.286668,31.102722,27.538658,4.230658,15.0381,3.113442001,9.32E-10
56,32,0.278623,31.061483,27.690057,4.250456,14.998774,3.130364999,9.03E-10
56,33,0.282229,31.286393,27.46642,4.294581,15.05872,3.138019,1.09E-09
56,34,0.290445,31.699909,27.69902,4.259744001,14.978917,3.145663,7.57E-10
56,35,0.269786,31.279926,27.69172,4.287427,15.277828,3.212893,1.56E-09
56,36,0.253374999,31.811617,28.020179,4.333675,15.284621,3.21701,1.18E-09
56,37,0.257673,31.469323,28.478444,4.329027,15.222132,3.14332,9.79E-10
56,38,0.282039,31.188606,27.802432,4.266737,15.193106,3.137218,1.91E-09
56,39,0.263494,31.692068,27.937891,4.411784999,15.316562,3.18506,6.97E-09
56,40,0.248626,30.829004,27.687913,4.279942001,15.015857,3.060842,7.34E-10
56,41,0.257493,31.193485,27.541874,4.266987999,15.033391,3.118512,7.50E-10
56,42,0.288681999,31.380763,27.522256,4.368822,15.400362,3.272927001,7.64E-10
56,43,0.31909,31.708906,27.569096,4.279822,15.101932,3.129143,8.36E-10
56,44,0.258625,30.869155,27.744491,4.304439,15.178188,3.140093,1.19E-09
56,45,0.279434001,31.043047,27.873248,4.313286,15.076914,3.200028,6.15E-10
56,46,0.263463,31.720002,27.828041,4.359084,15.201587,3.376485,6.17E-10
56,47,0.285045,31.689864,27.863338,4.292136,15.130636,3.210698001,8.01E-10
56,48,0.260538,31.456368,28.370258,4.281425,15.203626,3.213584,1.07E-09
56,49,0.285506,31.340932,27.699766,4.305061,14.990719,3.503598,1.44E-09
56,50,0.301937,31.382997,27.532456,4.300611999,15.063187,3.220998,3.96E-09
56,51,0.262812,30.860078,27.710917,4.271707,14.929212,3.134883,1.24E-09
56,52,0.258184,30.876158,27.659429,4.26821,14.99676,3.14876,6.05E-10
56,53,0.256691,30.912549,27.837218,4.328806,15.146717,3.097381,1.21E-09
56,54,0.334199,31.158027,27.596549,4.351699,15.149022,3.123571,5.79E-10
56,55,0.260578,30.964848,27.687372,4.297897,15.00692,3.153168,6.56E-10
56,56,0.28787,31.792841,27.741476,4.25285,15.206732,3.162305,6.94E-10
56,57,0.341283,33.118355,27.448916,4.286625,15.352867,3.216108999,6.98E-10
56,58,0.276458,31.160492,27.776332,4.254063,15.201272,3.151054,2.91E-09
56,59,0.264044999,31.508362,28.386098,4.455829,15.189268,3.201841,8.52E-10
56,60,0.291165999,30.964618,28.553649,4.287698001,15.24764,3.184298,1.16E-09
56,61,0.280306,31.534557,28.324089,4.270433999,15.215007,3.180461,6.19E-10
56,62,0.251661,31.904284,27.493422,4.324777999,15.117462,3.146936,4.33E-09
56,63,0.273613,31.117149,27.708503,4.304539,15.132029,3.162666,9.28E-10
56,64,0.257062,31.413235,27.799857,4.316793,15.120036,3.08614,8.60E-10
56,65,0.278803001,31.645955,27.704555,4.077255,15.066244,3.133069999,7.01E-09
56,66,0.295786,30.759907,27.709355,4.166836,14.963247,3.113712,4.89E-09
56,67,0.252543,31.48106,28.256531,4.334988,15.02286,3.187313,9.29E-10
56,68,0.27194,31.866482,27.794487,4.308016,15.196362,3.129884,4.60E-09
56,69,0.286818,31.648996,27.794407,4.443014001,15.674366,3.290611,5.99E-10
56,70,0.317056,31.168538,27.64429,4.319879,15.180071,3.166504,8.93E-10
56,71,0.281227,31.276694,28.27685,4.249074,15.564827,3.171613,9.70E-10
56,72,0.278984,32.06949,27.709846,4.358432,15.115999,3.171182,1.34E-09
56,73,0.287119,31.284921,27.533208,4.305051,15.021678,3.188486,7.73E-10
56,74,0.303611,31.842657,27.539259,4.24202,14.969608,3.082563,1.11E-09
56,75,0.284273,31.188912,27.625714,4.281215,15.152699,3.153999,7.79E-10
56,76,0.253986,31.56209,28.312422,4.295121,15.063539,3.116919001,1.42E-09
56,77,0.255398,31.455406,27.674308,4.265816,15.330969,3.124303001,1.16E-09
56,78,0.258134,31.412073,27.600316,4.258952,15.053569,3.147377,1.62E-09
56,79,0.298860999,31.560567,27.68613,4.427324,15.033812,3.164139,6.26E-10
56,80,0.259696,32.523022,28.236041,4.373641,15.395473,3.170251,1.34E-09
56,81,0.289703999,31.31657,27.648378,4.302105,15.187255,3.14371,6.87E-10
56,82,0.284504001,30.876038,27.662274,4.275474,15.159101,3.124845,4.33E-09
56,83,0.273582999,31.882933,27.996033,4.239675,15.029593,3.138661,2.40E-09
56,84,0.27201,31.735772,27.397378,4.23667,15.004305,3.469863,8.27E-10
56,85,0.295626,31.947137,27.73555,4.472701,15.340889,3.219646001,1.72E-09
56,86,0.292039,31.882914,27.608141,4.206071,15.025296,3.113523,5.39E-10
56,87,0.279254,31.740295,27.619102,4.289932,14.931766,3.051874,1.75E-09
56,88,0.267131,31.78678,28.155868,4.312865,14.916427,3.065110001,1.41E-09
56,89,0.283392,31.575295,27.480406,4.373532,14.885854,3.321364,5.03E-09
56,90,0.249647,31.767432,28.285817,4.309710001,15.251668,3.14895,3.26E-09
56,91,0.256220001,31.790687,27.772274,4.350898001,15.218595,3.136286,5.49E-10
56,92,0.280576,31.309327,27.532486,4.259544,15.008102,3.189658,1.56E-09
56,93,0.28244,31.794665,27.692131,4.281865999,15.232281,3.174159,1.22E-09
56,94,0.251661,31.800376,27.621216,4.335268,15.039622,3.135223999,4.31E-09
56,95,0.303379999,31.908201,27.579737,4.25265,14.87097,3.1436,1.59E-09
56,96,0.254436,31.829602,27.986313,4.329898,15.313065,3.231699,5.90E-10
56,97,0.283683,31.665167,27.230018,4.292937,14.794068,3.117691,1.32E-09
56,98,0.287379999,32.01698,27.325019,4.300241,15.45125,3.272456001,2.41E-09
56,99,0.277960999,31.905065,27.729924,4.249914999,15.233202,3.147778,1.05E-09
60,0,0.264004,31.939732,28.107556,4.360266001,15.172497,3.173798,3.99E-09
60,1,0.257031,31.68264,27.743791,4.272788,15.384301,3.283618001,2.17E-09
60,2,0.260639,32.431572,28.144467,4.401595,15.264272,3.179549,8.05E-10
60,3,0.285766,32.109476,27.640292,4.308627,15.045584,3.367093001,9.23E-10
60,4,0.254797001,32.133071,27.631165,4.303146,14.978265,3.080229,1.23E-09
60,5,0.295455,31.568833,27.799551,4.220568,14.947125,3.019211999,1.59E-09
60,6,0.285656,31.594702,27.203637,4.270845,15.020937,3.118881999,6.96E-10
60,7,0.302988999,31.746653,27.438045,4.274592,14.962495,3.106718999,2.13E-09
60,8,0.283051,31.450176,27.178309,4.297425,14.920595,3.087763,1.05E-09
60,9,0.246912,31.631072,27.381047,4.334737,14.987823,3.120916001,2.86E-09
60,10,0.289233,31.087082,27.658076,4.407957001,14.996791,3.128511,2.00E-09
60,11,0.259566,31.543404,28.168302,4.337082,14.957255,3.129192,1.85E-09
60,12,0.295964999,31.615863,28.03653,4.455008,15.306313,3.818679999,1.43E-09
60,13,0.277351,31.301973,27.599896,4.416093,15.02769,3.148118,7.42E-10
60,14,0.299272,30.844368,27.611748,4.224326,14.999576,3.085068,1.09E-09
60,15,0.254296,30.924491,27.591328,4.283079,14.958167,3.135805,9.03E-10
60,16,0.251099999,31.92796,28.205613,4.322002999,15.150254,3.148629,6.95E-10
60,17,0.289742999,31.395873,27.732368,4.315149,15.123723,3.174158,7.49E-10
60,18,0.261349001,31.235075,27.601849,4.332473,14.973446,3.188335,6.83E-10
60,19,0.313189001,31.911528,27.61821,4.261948,14.941054,3.16454,1.04E-08
60,20,0.273253,31.157036,27.453736,4.370746,15.029413,3.135715,1.37E-09
60,21,0.250138,30.826033,27.651264,4.243984,14.998413,3.099726,1.18E-09
60,22,0.293922,31.842802,27.808514,4.343103,15.162487,3.109384,1.39E-09
60,23,0.281868,32.318881,27.643829,4.395182999,15.107933,3.126127001,1.23E-09
60,24,0.289021999,31.720493,27.911661,4.31549,15.198637,3.140735,8.47E-10
60,25,0.2509,31.621173,27.809285,4.715926,15.156736,3.224435,1.03E-09
60,26,0.265999,31.397715,27.536384,4.314138,14.942117,3.115346,6.34E-10
60,27,0.276078,31.510006,27.499884,4.306303,15.052117,3.124623,2.14E-09
60,28,0.260338,31.449064,27.836798,4.302826,15.068308,3.151936,2.69E-09
60,29,0.25619,31.881766,27.314169,4.234215,15.047257,3.14327,6.06E-10
60,30,0.256019001,31.398347,28.02124,4.251508,15.075631,3.128912,6.24E-10
60,31,0.253865,30.989816,27.493943,4.191744,15.149222,3.179799,8.69E-10
60,32,0.311676,31.320438,27.514252,4.281906999,15.058088,3.093464,2.54E-09
60,33,0.268633,31.475835,27.786953,4.292706,15.823676,3.247318,6.63E-10
60,34,0.257432,31.132939,27.537626,4.233404,14.940564,3.175831001,2.72E-09
60,35,0.290686,31.421788,27.692402,4.292957,14.972584,3.131216,1.62E-09
60,36,0.310212999,31.130775,27.787247,4.29436,15.029523,3.137438001,1.54E-09
60,37,0.278703,31.504169,27.660802,4.382909,15.178027,3.086381,1.55E-09
60,38,0.265096,31.221218,27.52937,4.218074,14.987783,3.115516,9.28E-10
60,39,0.278142,31.340156,27.710216,4.292075,14.799624,3.126377001,2.11E-09
60,40,0.297359,31.062074,27.320451,4.347251,15.02255,3.128961,1.68E-09
60,41,0.352073,31.304593,27.473544,4.233674,15.042979,3.130595,1.05E-09
60,42,0.285205,30.990607,27.617959,4.266778,15.061003,3.141866,1.80E-09
60,43,0.250429001,31.667782,27.679988,4.322524,15.017841,3.177926,1.01E-09
60,44,0.285416,31.476777,28.05236,4.303547,15.12696,3.139482,9.92E-10
60,45,0.279485,31.751358,28.517925,4.422714999,15.440369,3.123812,7.07E-10
60,46,0.280376,32.251057,27.732409,4.54012,15.218765,3.155693,8.65E-10
60,47,0.300976,31.282887,27.397819,4.401495,15.085019,3.04435,1.11E-09
60,48,0.287229,31.464593,27.60259,4.309098,15.036666,3.126025999,2.23E-09
60,49,0.31409,31.609897,27.657265,4.292757,15.025345,3.132218,1.12E-09
60,50,0.258835,31.29799,27.446803,4.262318999,14.983485,3.10734,1.14E-09
60,51,0.251750999,31.79198,27.327946,4.251157,14.967225,3.109154,1.52E-09
60,52,0.279784999,31.413586,27.365207,4.285824,14.982413,3.106417999,6.67E-10
60,53,0.279003,31.390171,27.808804,4.306022,15.024523,3.092151,6.15E-10
60,54,0.260698001,31.478109,27.745514,4.321973001,15.155384,3.110146,1.03E-09
60,55,0.290225,31.786409,28.012574,4.361908999,15.150374,3.223422,3.45E-09
60,56,0.287088999,31.68805,27.625605,4.230027001,15.38887,3.157666,1.20E-09
60,57,0.256149,31.904355,27.637156,4.272057,15.213736,3.19361,2.92E-09
60,58,0.252182,31.236627,27.666512,4.277288001,15.04353,3.12809,7.75E-10
60,59,0.259686,31.627229,28.331223,4.442503,15.138702,3.161534,1.24E-09
60,60,0.28774,31.381454,27.941048,4.332653,15.582931,3.138700999,9.56E-10
60,61,0.289803999,31.346177,27.529801,4.304118,15.026738,3.167145001,1.04E-09
60,62,0.278342,31.866442,27.397659,4.162748,14.884907,3.046244,1.12E-09
60,63,0.297539,30.979696,27.904247,4.257489,15.395834,3.087172,7.45E-10
60,64,0.283592,31.482758,27.611758,4.275343,15.053209,3.115115001,2.39E-09
60,65,0.265969,31.744419,27.534971,4.315028999,15.333004,3.276635,8.00E-10
60,66,0.276669,31.535569,27.849532,4.269571999,15.08526,3.102211001,3.31E-09
60,67,0.258284001,31.525269,28.148334,4.390624,15.248092,3.163408,1.02E-09
60,68,0.259897,31.419888,27.753929,4.613766,15.54079,3.193395,6.77E-10
60,69,0.266629,30.898151,27.740864,4.311512,15.06986,3.111218,7.49E-10
60,70,0.260058,31.660924,28.018645,4.266968,15.160062,3.109524,1.13E-09
60,71,0.276118,30.848165,27.633619,4.30478,14.987292,3.172926,7.62E-10
60,72,0.26137,30.621492,27.315121,4.154923,15.044211,3.038248,9.20E-10
60,73,0.256551,31.455335,27.32481,4.226099,14.937447,3.618457,7.60E-10
60,74,0.298780999,30.770507,27.452834,4.282407,15.379943,3.180631,7.64E-10
60,75,0.272471,31.208694,27.410523,4.270965001,14.779696,3.020022999,6.35E-10
60,76,0.28254,30.994215,27.981554,4.36766,15.253361,3.167816,1.06E-09
60,77,0.246531999,30.84554,27.636114,4.22625,15.070301,3.088484001,2.60E-09
60,78,0.259006,30.993734,27.497459,4.217172,15.521784,3.108192,3.82E-09
60,79,0.30382,31.366386,27.715315,4.279171,14.901538,3.240995999,5.72E-10
60,80,0.274274,31.314145,27.570038,4.22132,15.001259,3.122931,5.70E-10
60,81,0.285546,31.554466,27.566692,4.238242,15.152899,3.157126001,6.53E-10
60,82,0.27173,31.469503,27.517648,4.3257,15.22684,3.289038,6.62E-10
60,83,0.254998,30.836583,27.79628,4.273901,15.067546,3.157236,7.01E-10
60,84,0.280867,30.96592,27.567744,4.248591999,15.000357,3.157737,9.85E-10
60,85,0.257041999,31.199437,27.824475,4.260576,15.192345,3.110516999,7.37E-10
60,86,0.289924,30.997,27.841597,4.29991,15.186633,3.173638,2.25E-09
60,87,0.25664,31.593139,28.013236,4.261797,15.254303,3.164711,6.38E-10
60,88,0.286517999,31.342049,27.841657,4.285032001,15.178629,3.184728999,1.57E-09
60,89,0.258224,31.080289,28.14638,4.264824001,15.108334,3.142969,1.51E-09
60,90,0.274174,30.859286,27.772315,4.346199,15.100479,3.115296,4.60E-09
60,91,0.297098,31.494406,27.673656,4.306754,15.065452,3.131316,7.62E-09
60,92,0.257142,31.438789,27.567232,4.389382,15.387638,3.146835999,1.51E-09
60,93,0.255879,31.922188,27.880522,4.289961001,15.106411,3.098514,7.27E-09
60,94,0.252883,31.256626,27.955515,4.340708,15.050493,3.095137,2.68E-09
60,95,0.254406001,31.613679,27.533037,4.364875,14.96495,3.151845,2.10E-09
60,96,0.262541999,31.637153,27.573705,4.219918,14.966804,3.123832,9.65E-10
60,97,0.328668,31.358331,27.863449,4.292807,15.115838,3.139833,1.20E-09
60,98,0.286597,31.684103,27.818793,4.297255,15.223895,3.116809,2.34E-09
60,99,0.259897,31.749158,27.525553,4.579164,15.058098,3.072263,9.23E-10
